quality,quantization_parameter,original_size_kb,compressed_size_kb,compression_ratio,encode_time_ms,decode_time_ms,file_size_reduction_percent
0.1,32,136.5517578125,11.08984375,12.31322648820007,95.470625,87.970167,91.87865178181922
0.3,16,136.5517578125,19.53125,6.99145,86.828666,89.395958,85.69681539594791
0.5,8,136.5517578125,31.80859375,4.292920299643866,88.433833,89.370334,76.70583355384076
0.7,4,136.5517578125,46.4326171875,2.9408585189391547,87.53441600000001,89.273375,65.99632408155675
0.9,2,136.5517578125,119.7138671875,1.1406511294019757,89.36025000000001,92.512834,12.330775447153307
0.95,1,136.5517578125,334.314453125,0.4084530493255204,93.94574999999999,98.94904100000001,-144.82618054909926
