image_name,original_size_kb,jpegxs_compressed_size_kb,jpegxs_compression_ratio,jpegxs_encode_time_ms,jpegxs_decode_time_ms,jpegxs_encode_throughput_mbps,jpegxs_decode_throughput_mbps,jpeg_compressed_size_kb,jpeg_compression_ratio,jpeg_encode_time_ms,jpeg_decode_time_ms,png_compressed_size_kb,png_compression_ratio,png_encode_time_ms,png_decode_time_ms
landscape_640x480,268.5732421875,413.294921875,0.6498343627573757,9.430875,10.115041999999999,27.810628051345233,25.929556874181095,72.8408203125,3.687125447452037,3.226292,1.3366660000000001,268.5732421875,1.0,1.9948750000000002,1.643041
gradient_512x512,136.5517578125,119.7138671875,1.1406511294019757,6.732166,6.53,19.808086429949814,20.42133629230774,19.0458984375,7.169614931036251,2.1595,0.618875,136.5517578125,1.0,1.21,1.945583
