image_name,original_size_kb,jpegxs_compressed_size_kb,jpegxs_compression_ratio,jpegxs_encode_time_ms,jpegxs_decode_time_ms,jpegxs_encode_throughput_mbps,jpegxs_decode_throughput_mbps,jpeg_compressed_size_kb,jpeg_compression_ratio,jpeg_encode_time_ms,jpeg_decode_time_ms,png_compressed_size_kb,png_compression_ratio,png_encode_time_ms,png_decode_time_ms
landscape_640x480,268.5732421875,265.408203125,1.011925174223079,112.53440266666667,109.78316666666667,2.3306522326387116,2.3890598603343602,9.1904296875,29.223143130379345,63.78497233333334,18.862194333333335,268.5732421875,1.0,107.968042,10.968403
gradient_512x512,136.5517578125,31.80859375,4.292920299643866,88.12600033333332,88.52729166666667,1.5131893593760422,1.5063301212340208,10.2021484375,13.384608021441561,55.77309733333333,22.810416666666665,136.5517578125,1.0,90.37919433333334,15.493333333333332
