image_name,original_size_kb,jpegxs_compressed_size_kb,jpegxs_compression_ratio,jpegxs_encode_time_ms,jpegxs_decode_time_ms,jpegxs_encode_throughput_mbps,jpegxs_decode_throughput_mbps,jpeg_compressed_size_kb,jpeg_compression_ratio,jpeg_encode_time_ms,jpeg_decode_time_ms,png_compressed_size_kb,png_compression_ratio,png_encode_time_ms,png_decode_time_ms
landscape_640x480,268.5732421875,413.294921875,0.6498343627573757,8.415264,8.691916666666668,31.167002820556842,30.174996710399178,72.8408203125,3.687125447452037,2.846153,1.1524166666666666,268.5732421875,1.0,1.6336806666666668,1.4854166666666668
gradient_512x512,136.5517578125,119.7138671875,1.1406511294019757,6.316472,6.463125,21.111678479500824,20.63263916275324,19.0458984375,7.169614931036251,2.0320003333333334,0.5953333333333334,136.5517578125,1.0,1.1767916666666667,1.9118333333333333
