image_name,original_size_kb,jpegxs_compressed_size_kb,jpegxs_compression_ratio,jpegxs_encode_time_ms,jpegxs_decode_time_ms,jpegxs_encode_throughput_mbps,jpegxs_decode_throughput_mbps,jpeg_compressed_size_kb,jpeg_compression_ratio,jpeg_encode_time_ms,jpeg_decode_time_ms,png_compressed_size_kb,png_compression_ratio,png_encode_time_ms,png_decode_time_ms
landscape_640x480,268.5732421875,413.294921875,0.6498343627573757,112.26154166666667,113.71150033333333,2.3363170764437107,2.3065262181475785,72.8408203125,3.687125447452037,67.21556933333333,48.84602766666667,268.5732421875,1.0,112.68345866666667,11.162972333333334
gradient_512x512,136.5517578125,119.7138671875,1.1406511294019757,89.539264,90.93959699999999,1.4893055854107704,1.4663725196491637,19.0458984375,7.169614931036251,55.684027666666665,39.58468066666667,136.5517578125,1.0,84.19388866666667,14.599361333333333
